{
    "chihuahua": {
        "type_1_text_consistency_score": 0.7903050184249878,
        "type_2_text_consistency_score": 0.39935213327407837,
        "type_3_text_consistency_score": -0.3832453787326813
    },
    "japanese spaniel": {
        "type_1_text_consistency_score": 0.7592665553092957,
        "type_2_text_consistency_score": 0.19841639697551727,
        "type_3_text_consistency_score": -0.4181619882583618
    },
    "maltese dog": {
        "type_1_text_consistency_score": 0.8465056419372559,
        "type_2_text_consistency_score": 0.29757532477378845,
        "type_3_text_consistency_score": -0.4026637673377991
    },
    "pekinese": {
        "type_1_text_consistency_score": 0.7592665553092957,
        "type_2_text_consistency_score": 0.2695319354534149,
        "type_3_text_consistency_score": -0.41001689434051514
    },
    "shih-tzu": {
        "type_1_text_consistency_score": 0.7812544107437134,
        "type_2_text_consistency_score": 0.2761062979698181,
        "type_3_text_consistency_score": -0.3922194242477417
    },
    "toy terrier": {
        "type_1_text_consistency_score": 0.7903050184249878,
        "type_2_text_consistency_score": 0.133226215839386,
        "type_3_text_consistency_score": -0.27919718623161316
    }
}